Country,count
Germany,2040
Italy,1798
France,1253
Switzerland,1135
Netherlands,1033
Croatia,746
Spain,702
United Kingdom,218
Denmark,173
Portugal,135
Greece,84
Austria,83
Malta,72
Belgium,72
Turkey,60
Slovenia,40
Poland,40
Finland,36
,33
Montenegro,22
United Arab Emirates,17
Sweden,13
Slovak Republic,9
Monaco,8
Russian Federation,7
Estonia,6
Czech Republic,5
Cyprus,5
Lithuania,5
United States,4
Hungary,4
Thailand,3
Latvia,3
Bulgaria,3
Australia,2
Norway,2
Ukraine,2
Texas,1
Gibraltar,1
Venezuela,1
Seychelles,1
Lebanon,1
Isle Of Man,1
Egypt,1
French Southern Territories,1
Philippines,1
Taiwan,1
Morocco,1
Romania,1
Luxembourg,1
Serbia,1
Ireland,1
