Manufacturer,count
,1334
Bénéteau Power Boats,631
Jeanneau Power Boats,537
Sunseeker Power Boats,383
Princess Power Boats,241
Sea Ray Power Boats,239
Cranchi Power Boats,219
Azimut Power Boats,215
Bavaria Power Boats,185
Fairline Power Boats,172
Quicksilver (Brunswick Marine) Power Boats,167
Sessa Power Boats,148
Bayliner Power Boats,142
Sealine Power Boats,120
Quicksilver Power Boats,118
Prestige Yachts Power Boats,108
Galeon Power Boats,94
Regal Power Boats,90
Riva Power Boats,77
Linssen Power Boats,70
Windy Power Boats,64
Ferretti Power Boats,63
Parker Power Boats,62
Boesch Power Boats,55
Pershing Power Boats,54
Four Winns Power Boats,50
Gobbi Power Boats,46
Nimbus Power Boats,45
Yamarin Power Boats,42
Sanlorenzo Power Boats,41
Chaparral Power Boats,40
Rodman Power Boats,40
Invictus Power Boats,39
Astondoa Power Boats,39
Atlantis Power Boats,39
Boston Whaler Power Boats,39
Saver Power Boats,39
Viper Power Boats,37
Crownline Power Boats,37
Chris Craft Power Boats,35
Pedro Power Boats,35
Marinello Power Boats,34
Fjord Power Boats,34
Absolute Power Boats,34
Rhea Power Boats,33
Menorquin Power Boats,33
Fiart Mare Power Boats,33
Marex Power Boats,32
Greenline Power Boats,31
Campion Power Boats,31
Apreamare Power Boats,30
Airon Marine Power Boats,29
Ranieri International Power Boats,28
Glastron Power Boats,28
Drago Boats Power Boats,26
Raffaelli Power Boats,26
Mastercraft Power Boats,25
Maxum Power Boats,25
Frauscher Power Boats,25
Rinker Power Boats,24
Aquador Power Boats,24
Draco Power Boats,24
Cobalt Power Boats,24
Ocqueteau Power Boats,24
Innovazioni E Progetti Power Boats,24
Formula Power Boats,23
Faeton Power Boats,22
Mochi Craft Power Boats,22
Monterey Power Boats,22
Dellapasqua Power Boats,22
Cayman Power Boats,21
Rio Power Boats,21
Buster Power Boats,20
Cruisers Yachts Power Boats,19
Neptunus Power Boats,19
Linder Power Boats,19
Amt Power Boats,19
Bella Power Boats,19
Majesty Yachts Power Boats,18
Grand Banks Power Boats,18
Manò Power Boats,17
Performance Power Boats,17
Larson Power Boats,17
Nautique Power Boats,17
Smelne Power Boats,17
Colombo Power Boats,16
Terhi Power Boats,16
Eolo Power Boats,16
Karnic Power Boats,16
Dominator Power Boats,16
Storebro Power Boats,16
Galia Power Boats,16
Ilver Power Boats,16
Crescent Power Boats,15
Pioner Power Boats,15
Tullio Abbate Power Boats,15
Rizzardi Power Boats,15
Carnevali Power Boats,15
Aicon Power Boats,15
Finnmaster Power Boats,15
Succes Power Boats,14
B2 Marine Power Boats,14
Nordkapp Power Boats,14
Scand Power Boats,14
Baia Power Boats,14
Riviera Power Boats,14
Ganz Boats Power Boats,14
Uniesse Power Boats,14
Axopar Power Boats,13
Doral Power Boats,13
Wellcraft Power Boats,13
Elan Power Boats,13
Flipper Power Boats,13
Hatteras Power Boats,13
Intermare Power Boats,13
Tiara Power Boats,13
Bruno Abbate Power Boats,12
Valkkruiser Power Boats,12
Viking Power Boats,12
Piantoni (It) Power Boats,12
Conam Power Boats,12
Capelli Power Boats,12
Gruno Power Boats,12
Cantieri Estensi Power Boats,12
Vboats Power Boats,11
Integrity Power Boats,11
De Boarnstream Power Boats,11
Bertram Yacht Power Boats,11
Carver Power Boats,11
Maiora Power Boats,11
Nidelv Power Boats,11
Aquanaut Power Boats,11
Kelt Power Boats,11
Fountaine Pajot Power Boats,11
Salpa Power Boats,11
Altena Power Boats,10
Super Van Craft Power Boats,10
Sting Power Boats,10
Correct Craft Power Boats,10
Canados Power Boats,10
Pursuit Power Boats,10
Broom Power Boats,10
Acm Dufour Power Boats,10
Allegra Power Boats,10
Valk Power Boats,10
Malibu Power Boats,10
Xo Boats Power Boats,10
Benetti Power Boats,9
Pedrazzini Power Boats,9
Van Der Heijden Power Boats,9
Rapsody Power Boats,9
Aluforce Power Boats,9
Edership Power Boats,9
Mcy Power Boats,9
Proficiat Power Boats,9
Vri-Jon Power Boats,9
Posillipo Power Boats,9
Selection Boats Power Boats,9
Itama Power Boats,9
Italmar Power Boats,9
Vandutch Power Boats,9
Master Power Boats,9
Grandezza Power Boats,8
Selene Power Boats,8
Italcraft Power Boats,8
Stingray Power Boats,8
Starfisher Power Boats,8
Tecnomar Power Boats,8
Hollandia Power Boats,8
Bandido Yachts Power Boats,8
Clear Power Boats,8
Marine Power Boats,8
Tornado Power Boats,8
Elegance Power Boats,8
Darekco Power Boats,8
Doqueve Power Boats,8
Smartliner Power Boats,8
Olympic Power Boats,8
Ranieri Power Boats,8
Leopard Power Boats,8
Bluecraft Power Boats,7
Dalla Pieta Power Boats,7
Moonday Power Boats,7
Mändli Power Boats,7
Elling Power Boats,7
President Power Boats,7
Balt Yacht Power Boats,7
Saxdor Power Boats,7
Comitti Power Boats,7
Sunchaser Power Boats,7
Bertram Power Boats,7
Baglietto Power Boats,7
Mangusta Power Boats,7
Delphia Power Boats,7
Birchwood Power Boats,7
Corsiva Power Boats,7
Scarab Power Boats,7
Orkney Power Boats,7
Iron Power Boats,7
Tecnorib Power Boats,7
Pirelli Power Boats,7
Pro-Line Power Boats,6
Inter Power Boats,6
Primatist Power Boats,6
Zijlmans Power Boats,6
Alfastreet Marine Power Boats,6
De Antonio Yachts Power Boats,6
Arcoa Power Boats,6
A. Mostes Power Boats,6
Arvor Power Boats,6
Silver Power Boats,6
Thoma Power Boats,6
Mingolla Power Boats,6
Cantieri Di Sarnico Power Boats,6
Marine Projects Power Boats,6
Baikal Power Boats,6
Cantieri Nautici Ferrario Power Boats,6
Polaris Power Boats,6
Sensation Power Boats,6
Sciallino Power Boats,6
Guy Couach Power Boats,6
Baja Power Boats,5
Albemarle Power Boats,5
Aicon Yachts Power Boats,5
Brizo Yachts Power Boats,5
Portofino Marine Power Boats,5
Selva Power Boats,5
Pacific Power Boats,5
Ijlstervlet Power Boats,5
Sarnico Power Boats,5
Nord Star Power Boats,5
Lema Power Boats,5
Saga Power Boats,5
Century Power Boats,5
Tuccoli Power Boats,5
Atlantic Marine Power Boats,5
Seaswirl Power Boats,5
Hilter Power Boats,5
Brandsma Power Boats,5
Ocean Master (Us) Power Boats,5
Yaretti Power Boats,5
Overmarine Power Boats,5
Pikmeerkruiser Power Boats,5
As Marine Power Boats,5
Cigarette Power Boats,5
Atlantic Motor Yachts Power Boats,5
Solcio Power Boats,5
Moomba Power Boats,5
De Groot Power Boats,5
Wim Van Der Valk Power Boats,5
Brabus Power Boats,5
Vizion Power Boats,5
Cantieri Di Pisa Power Boats,5
Giorgi Power Boats,5
Gianetti Power Boats,5
Sunreef Power Boats,5
Belliure Power Boats,4
Centurion Power Boats,4
Sunbird Power Boats,4
Antaris Power Boats,4
Pacific Craft Power Boats,4
Aquastar Power Boats,4
Filippetti Power Boats,4
Fiberline Power Boats,4
Cormate Power Boats,4
Pfeil Power Boats,4
Bma Power Boats,4
Hardy Marine Power Boats,4
Ultramar Power Boats,4
Marquis Power Boats,4
Heyday Power Boats,4
Monte Carlo Power Boats,4
Skibsplast Power Boats,4
Coronet Power Boats,4
Huber Power Boats,4
Majoni Power Boats,4
Nuva Yachts Power Boats,4
Treffer Power Boats,4
Füllemann Power Boats,4
Gillissen Power Boats,4
Sagemar Power Boats,4
Sas-Vektor Power Boats,4
Damor Power Boats,4
Seaway Power Boats,4
Edgewater Power Boats,4
Kaiser Bootsmanufaktur Power Boats,4
Hellwig Power Boats,4
Trimarchi  Power Boats,4
Hock Power Boats,4
Abacus Power Boats,4
Delta Powerboats Power Boats,4
Cytra Power Boats,4
Swiss Craft Power Boats,4
Biam Power Boats,4
Di Donna Power Boats,4
Nordmaster Power Boats,4
Stickl Power Boats,4
Gagliotta Power Boats,4
Reline Power Boats,4
Maxima Power Boats,4
Coverline Power Boats,4
Say Power Boats,4
St Power Boats,4
Cobrey Power Boats,4
Bluegame Power Boats,4
Rand Boats Power Boats,4
Motomar Power Boats,4
Safter Marine Power Boats,4
Mira Power Boats,3
Morningstar Power Boats,3
Diano Power Boats,3
Vacance Power Boats,3
Nautica Esposito Power Boats,3
Fipa Italiana Power Boats,3
Chung Hwa Power Boats,3
Xl Marine Power Boats,3
Scarani Power Boats,3
Funcraft Power Boats,3
Altair Power Boats,3
Cramar Power Boats,3
Alpa Power Boats,3
Remus Power Boats,3
Skagerrak Power Boats,3
Lagoon Power Boats,3
Uttern Power Boats,3
Stama Power Boats,3
Fletcher Power Boats,3
De Ruiter Power Boats,3
Astor Power Boats,3
Pegazus Power Boats,3
Prinz Power Boats,3
Hille Power Boats,3
Bryant Boats Power Boats,3
Polar Power Boats,3
Katwijker Power Boats,3
Gropp Power Boats,3
Doggersbank Power Boats,3
Sarins Power Boats,3
Innovazione&Progetti Power Boats,3
Starcraft Power Boats,3
Cabo Power Boats,3
Tahoe Power Boats,3
Linex Power Boats,3
Mirakul Power Boats,3
Alalunga Power Boats,3
Rio Iberica Power Boats,3
Cobra Yachts Power Boats,3
Sea-Doo Power Boats,3
Bege Power Boats,3
Polar Boats Power Boats,3
Arkos Power Boats,3
Jetten Power Boats,3
Albatro Power Boats,3
Whaly Power Boats,3
Veha Power Boats,3
Makma Power Boats,3
Condor Yachting Power Boats,3
Vismara Power Boats,3
Piculjan Marine Power Boats,3
Hiltergerke Power Boats,3
Ala Blu Power Boats,3
Robalo Power Boats,3
Barkas Power Boats,3
Alfamarine Power Boats,3
Babro Power Boats,3
Permare Power Boats,3
Supra Power Boats,3
Holland Stahlverdränger Power Boats,3
Jacabo Power Boats,3
Beachcraft Power Boats,3
Grady White Boats Power Boats,3
Stilecatalini Power Boats,2
Ars Mare Power Boats,2
Hellingskip Power Boats,2
Heinrich Power Boats,2
Marhen Power Boats,2
Northmaster Power Boats,2
Shiren Power Boats,2
Mp Watersport Power Boats,2
Dufour Power Boats,2
Ocean Bay Power Boats,2
Grginic Power Boats,2
Tryvia Power Boats,2
Hustler Power Boats,2
Sasga Yachts Power Boats,2
Futuro Power Boats,2
Fratelli Aprea Power Boats,2
Haines Marine Power Boats,2
Atlanta Power Boats,2
Amer Power Boats,2
Mainship Power Boats,2
San Remo Power Boats,2
Mery Nautic Power Boats,2
Johnson Power Boats,2
Nicols Power Boats,2
Am Yacht Power Boats,2
Gulf Craft Power Boats,2
Ocean Alexander Power Boats,2
Bugari Power Boats,2
La Mare Power Boats,2
Koopmans Power Boats,2
Viking (Gb) Power Boats,2
Wicabo Power Boats,2
Blu Martin Power Boats,2
Eurobanker Power Boats,2
Kimple Power Boats,2
Euroship Power Boats,2
Maril Power Boats,2
Numarine Power Boats,2
Marina Brodersby Power Boats,2
Symbol Yachts Power Boats,2
Amberg Power Boats,2
Overblue Power Boats,2
Argo Power Boats,2
Gouwerok Power Boats,2
Garin Power Boats,2
Moonen Power Boats,2
Egemar Power Boats,2
Super Lauwersmeer Power Boats,2
Costruzioni Navali Srl Power Boats,2
Ayros Power Boats,2
Monachus Power Boats,2
Viknes Power Boats,2
Weibo Power Boats,2
Hooveld Power Boats,2
Zar Formenti Power Boats,2
Ecoline Power Boats,2
Yamaha Power Boats,2
White Shark Power Boats,2
Loon Power Boats,2
Falcon Yachts Power Boats,2
Camuffo Power Boats,2
Giudecca Power Boats,2
Minor Power Boats,2
Albin Power Boats,2
Ht Houseboats Power Boats,2
Skilso Power Boats,2
Tristan Power Boats,2
Beekmann Power Boats,2
Haber Power Boats,2
Italmarine Power Boats,2
Sport Craft Power Boats,2
Pearl Power Boats,2
Invader Power Boats,2
Gallart Power Boats,2
Premiere Yacht Power Boats,2
Triton Power Boats,2
Corvette Cruisers Power Boats,2
Vicem Power Boats,2
Haines Power Boats,2
Lund Boats Power Boats,2
Ebbtide Power Boats,2
Mariah Power Boats,2
Comar Power Boats,2
Cantieri Navali Di Livorno Power Boats,2
Flying Shark Power Boats,2
Tigé Power Boats,2
Privateer Power Boats,2
Enterprise Marine Power Boats,2
Marine Offshore Power Boats,2
Center Craft Power Boats,2
Cascaruda Power Boats,2
Nireus Power Boats,2
Siemer Power Boats,2
Platinum Power Boats,2
Windy Oceancraft Power Boats,2
Tecnomarine Power Boats,2
Joda Power Boats,2
Viko Power Boats,2
Renken Power Boats,2
Staempfli Power Boats,2
Mazury Power Boats,2
Trawler Power Boats,2
Blackfin Power Boats,2
Vizianello Power Boats,2
Nordic Power Boats,2
Schweizer Power Boats,2
Ffw Sealver Power Boats,2
Viking Marin Power Boats,2
Holland Boat Power Boats,2
Skagen Power Boats,2
Nordson Power Boats,2
Lambro Power Boats,2
Aw Power Boats,2
Trojan Power Boats,2
Scanner Power Boats,2
Ibiza Boats Power Boats,2
Europe Marine Power Boats,2
Intrepid Power Boats,2
Neptunus Yachts Power Boats,2
Terra Nauta Power Boats,2
Idea Marine Power Boats,2
Marino Power Boats,2
Thermo Yacht Power Boats,2
Salmeri Boote Power Boats,2
Spertini Power Boats,2
Sacs Power Boats,2
Admiral Power Boats,2
Tony Giugliano Power Boats,2
Bimax Power Boats,2
Monte Fino Power Boats,2
Horizon Yacht Power Boats,2
Catarsi Power Boats,2
Gibert Marine Power Boats,2
Karel Power Boats,2
Adagio Yachts Power Boats,2
Axis Power Boats,2
Striker Power Boats,2
Kramer Power Boats,2
Waterland Power Boats,2
Schweizer Bateaux Power Boats,2
Mbk Power Boats,2
Magnum Power Boats,2
Craft Power Boats,2
Heesen Yachts Power Boats,2
Northern Marine Power Boats,1
Kraps Power Boats,1
Gavazzi Luciano Power Boats,1
Barro Power Boats,1
Suzuki Power Boats,1
Nord West Power Boats,1
Kronborg Marine Power Boats,1
Marco Yachts Power Boats,1
Maxi Dolphin Power Boats,1
Ventus Power Boats,1
Stormer Power Boats,1
Topaz Power Boats,1
Sbm Power Boats,1
Luhrs Power Boats,1
Pr Marine Power Boats,1
Hatecke Power Boats,1
Navalia Power Boats,1
Bombard Power Boats,1
Thunderbird Power Boats,1
Rose Island Power Boats,1
Nautica Power Boats,1
Solare Power Boats,1
Jongert Power Boats,1
Oyster Power Boats,1
Drettmann Power Boats,1
Baltic Power Boats,1
Williams Power Boats,1
Knierim Yachtbau Power Boats,1
Mako Boats Power Boats,1
Hagenah Power Boats,1
Adex Nautica Power Boats,1
Martin Power Boats,1
Javazzo Power Boats,1
Rivers And Tides Power Boats,1
Wider Power Boats,1
Blauwe Hand Power Boats,1
Vedette Power Boats,1
Marine Yachting Power Boats,1
Unica Yacht Power Boats,1
Eurocrown Power Boats,1
Parente Power Boats,1
Recla Power Boats,1
Prins Van Oranje Power Boats,1
Linden Power Boats,1
Liberty Power Boats,1
Glacer Power Boats,1
Premier Power Boats,1
Abati Yachts Power Boats,1
Calafuria Power Boats,1
Astinor Power Boats,1
Al Custom Power Boats,1
Jans Power Boats,1
Anytec Power Boats,1
Tegernseer Bootsbau Power Boats,1
Graso Power Boats,1
Sabre Power Boats,1
Trader Motor Yachts Power Boats,1
Azzurro Power Boats,1
Ta Yang Power Boats,1
Momenta Power Boats,1
Hunter Power Boats,1
Austin Parker Power Boats,1
Vertens Power Boats,1
Tarquin Power Boats,1
Mirage Power Boats,1
Weidling Power Boats,1
Schaefer Power Boats,1
Nordmanns Power Boats,1
Ab Yachts Power Boats,1
Searider Power Boats,1
Skarpnes Power Boats,1
Ranger Power Boats,1
V2 Boats  Power Boats,1
Concordia Power Boats,1
Queens Yachts Power Boats,1
Ocean Yachts Power Boats,1
Pollard Power Boats,1
Vts Boats Power Boats,1
Wajer Power Boats,1
Primeur Power Boats,1
Boatbuilding Academy Dorset Power Boats,1
Cantieri Nautici Dalla Pieta Power Boats,1
Jan Van Gent Power Boats,1
Novurania Power Boats,1
Targa Power Boats,1
De Vries Power Boats,1
Aga-Marine Power Boats,1
Jaguar Power Boats,1
Wake Power Boats,1
Hoya Power Boats,1
Kapiteinssloep Power Boats,1
Aluminiumjon Power Boats,1
Aquarius Power Boats,1
Steilsteven Power Boats,1
Sonic Power Boats,1
Navalplastica Power Boats,1
Bwa Power Boats,1
Hunton Power Boats,1
Blue Sailors Power Boats,1
Mas Power Boats,1
Ott Werft Power Boats,1
Imp Boats Power Boats,1
Techno Yachts Power Boats,1
Verhoeven Power Boats,1
Lengers Power Boats,1
Amel Power Boats,1
Rampage Power Boats,1
Blue Ocean Power Boats,1
Italversil Power Boats,1
Burger Power Boats,1
Buetzfleth Power Boats,1
Sossego Power Boats,1
Waterdream Power Boats,1
Brunnert-Grimm Power Boats,1
Gs Nautica Power Boats,1
Back Cove Power Boats,1
Cantieri Navali Arno Power Boats,1
Meridian Yachts Power Boats,1
Aluventure Power Boats,1
Amerglass Power Boats,1
Island Gypsy Power Boats,1
Evo Power Boats,1
Bellcraft Power Boats,1
Envision Power Boats,1
Zeta Group Power Boats,1
Akerboom Power Boats,1
Pearlsea Yachts Power Boats,1
Explorer Power Boats,1
Schottel Power Boats,1
Motiva Power Boats,1
Stalder Power Boats,1
Vrijbuiter Power Boats,1
Kammin Power Boats,1
Interboat De Power Boats,1
Suncoast Power Boats,1
Kok Power Boats,1
Veb Power Boats,1
Mms Power Boats,1
Blue Navy Power Boats,1
Fincantieri Yachts Power Boats,1
Carolina Classic Power Boats,1
Royal Denship Power Boats,1
Dynasty Power Boats,1
Technohull Power Boats,1
Catfish Power Boats,1
Swordsman Power Boats,1
Flevo Power Boats,1
Nuova Jolly Power Boats,1
Sea Pro Power Boats,1
Sealver Power Boats,1
Cad Marine Power Boats,1
Cipax As Power Boats,1
Sylvan Marine Power Boats,1
D-Boat Power Boats,1
Lunde Power Boats,1
Marian Power Boats,1
Celebrity Power Boats,1
Z-Yacht Power Boats,1
Blumar Power Boats,1
Hoekstra Power Boats,1
Nor-Dan Power Boats,1
Hervé Power Boats,1
Aw Yachts Power Boats,1
Tauscheck Power Boats,1
Titanium Power Boats,1
Northshore Yachts Power Boats,1
Tresfjord Power Boats,1
Marino Costruzioni Nautiche Power Boats,1
Yacht Service Sp. Z O.O.  Power Boats,1
Off-Course Power Boats,1
Q-Yachts Power Boats,1
Kiel Classic Power Boats,1
Schneiter Power Boats,1
Romar Power Boats,1
Reinell Power Boats,1
Dawncraft Power Boats,1
Viksund Power Boats,1
Smartboat Power Boats,1
Thompson Power Boats,1
Saphire Power Boats,1
Abeking & Rasmussen Power Boats,1
Lürssen Yachts Power Boats,1
Zodiac Power Boats,1
Faul Power Boats,1
Hitzler-Werft Regensburg Power Boats,1
C.N. Tigullio Power Boats,1
Poldijk Jachtbouw B.V. Power Boats,1
Cap Ferret Power Boats,1
Biot Power Boats,1
Armee Suisse Power Boats,1
Agder Power Boats,1
Viko Yachts Power Boats,1
Donzi Power Boats,1
Finnlineboats Power Boats,1
Pantera Power Boats,1
Westwind Power Boats,1
Rigiflex Power Boats,1
Starweld Power Boats,1
Howa Power Boats,1
Poca Power Boats,1
De Wiel Power Boats,1
Bond Yachts Power Boats,1
Bootbau Frei Power Boats,1
Schlosswerft Power Boats,1
Orca Power Boats,1
Feltz Power Boats,1
Steiner Power Boats,1
Bienchen  Power Boats,1
Ernst Riss  Power Boats,1
Motocraft Power Boats,1
Ocea Power Boats,1
Öchsner Power Boats,1
Skilsö Power Boats,1
Emme Marine Power Boats,1
Vitech Power Boats,1
Super Kaagkruiser Power Boats,1
Dacapo Power Boats,1
Best Power Boats,1
Ams Marine Yachten Power Boats,1
Hasler Power Boats,1
Sigrist Power Boats,1
Erman Yachting Power Boats,1
Ecofiber Power Boats,1
Lavagna Power Boats,1
Paragon Power Boats,1
Nadirmarine Power Boats,1
Webbcraft Power Boats,1
Selco Power Boats,1
Schwarz Power Boats,1
Vz Cantiere Nautico Power Boats,1
Galaxy Power Boats,1
Pavati Power Boats,1
Meier Power Boats,1
Ockelbo Power Boats,1
Pegiva Power Boats,1
Hensa  Power Boats,1
Van De Werf Power Boats,1
Atomix Power Boats,1
Bluewater Yachts Power Boats,1
The Captains Power Boats,1
Werner  Power Boats,1
Rodriguez Group (Italyachts) Power Boats,1
Baha Power Boats,1
Volvo Power Boats,1
Sea Sprite Power Boats,1
Selje Power Boats,1
Nautilus Power Boats,1
Hi-Star Power Boats,1
Blohm + Voss Power Boats,1
Harris Flotebote Power Boats,1
Wiking Power Boats,1
Aquaviva Power Boats,1
Scar Power Boats,1
Fidego Power Boats,1
Seaco Power Boats,1
Voyager Power Boats,1
Caravelle Power Boats,1
Aegean Yachts Power Boats,1
Seebold Power Boats,1
Tinn-Silver Power Boats,1
Forbina Power Boats,1
Helstede Power Boats,1
Van Wijk Power Boats,1
Cantieri Schiavone Power Boats,1
Verus Power Boats,1
Jouandoudet Power Boats,1
Baess Power Boats,1
Need Yacht Power Boats,1
Adler Power Boats,1
Yachtwerft Berlin Power Boats,1
Mondo Marine Power Boats,1
Bazzerla Power Boats,1
Marino Cn Power Boats,1
Bluline (It) Power Boats,1
Silverline Power Boats,1
Checkmate Power Boats,1
Perini Navi Spa Power Boats,1
Ibis Power Boats,1
Tracker Marine Power Boats,1
Magic Yachts Power Boats,1
Acroplast Power Boats,1
Formula Cruisers Power Boats,1
Isa Yachts Power Boats,1
Klase A Power Boats,1
Ses Yachts Power Boats,1
Bombardier Power Boats,1
Blom Power Boats,1
Myabca Power Boats,1
Piantoni Power Boats,1
Bm Nautica Srl Power Boats,1
Crestliner Power Boats,1
Valiant Power Boats,1
Fibramar Power Boats,1
Ten Broeke Power Boats,1
Slepsk Power Boats,1
J2J Service Power Boats,1
Witti Power Boats,1
Lex Boats Power Boats,1
Rohn Power Boats,1
Rancraft Power Boats,1
Nor Star Power Boats,1
Aquabat Power Boats,1
Seagull Power Boats,1
Zetacraft Power Boats,1
Curvelle Power Boats,1
Cantiere Delle Marche Power Boats,1
Bluline Power Boats,1
Quicksilver Inflatables Power Boats,1
Zeeland Jachtbouw Power Boats,1
Pollini Power Boats,1
Fartes Power Boats,1
Moonfleet Power Boats,1
Acquaviva (It) Power Boats,1
Victoria Power Boats,1
Zuiderzee Power Boats,1
Scandinavia Power Boats,1
Ums-Boat Power Boats,1
Moschini Power Boats,1
Technus Power Boats,1
Alen Yacht Power Boats,1
Orskov Skibsvaerft Power Boats,1
West Bay Power Boats,1
Fjord Plast Power Boats,1
Chrysler Power Boats,1
Aqualum Power Boats,1
Interster Power Boats,1
Osprey Power Boats,1
Allround Power Boats,1
Nasbo Power Boats,1
Saura Power Boats,1
Freedom Power Boats,1
Franchini Power Boats,1
Colvic Power Boats,1
Qerre Power Boats,1
Bering Yachts Power Boats,1
Couach Power Boats,1
Adventure Power Boats,1
Trophy Power Boats,1
Brig Power Boats,1
Rijnkruiser Power Boats,1
Kirie Power Boats,1
Cigala & Bertinetti Power Boats,1
Oost Power Boats,1
Kaasbøll Power Boats,1
Yachting France Power Boats,1
Marieholm Power Boats,1
Fountain Power Boats,1
Arp-Werft  Power Boats,1
Johnson Yachts Power Boats,1
Rayglass Power Boats,1
Rijo Kruiser Power Boats,1
Egon Bredgaard Power Boats,1
Richard Dunston Power Boats,1
Lütje Power Boats,1
American Marine Power Boats,1
Erc Power Boats,1
Scout Boats Power Boats,1
Cantieri Nautici Solcio Power Boats,1
Moonraker Power Boats,1
Anytec Boats Power Boats,1
Bsc Power Boats,1
Milan  Power Boats,1
Kempala (Nl) Power Boats,1
Nussbaumer Power Boats,1
Leidi Power Boats,1
Tjeukemer Power Boats,1
Coaster Power Boats,1
Kempers Power Boats,1
Waddenkruiser Power Boats,1
Palmer Johnson Power Boats,1
Doerak Sneek Power Boats,1
Hans A. Deerberg Power Boats,1
Statement Marine Power Boats,1
Bucher Power Boats,1
Numo Power Boats,1
Suncamper Power Boats,1
Winga Power Boats,1
Cox Marine Power Boats,1
Teltow Werft Power Boats,1
Calcagno Power Boats,1
Hanto Power Boats,1
Riva Bertram Power Boats,1
Compromis Power Boats,1
Escape Sloepen Power Boats,1
Ancora Power Boats,1
Adec Power Boats,1
Marine Pro Power Boats,1
Seacode Power Boats,1
Waltjen Power Boats,1
Giomare Power Boats,1
Janmor Power Boats,1
Walser Power Boats,1
Schachner Power Boats,1
Hemiksem Power Boats,1
Lamor Power Boats,1
